event,enabled,cme_onset,cme_0p1_au,longitude,latitude,width,speed,notes
2017-09-06,true,2017-09-06T12:24:00,2017-09-06T14:57:00,23.0,-15.0,88.0,1238.0,Prepared seed event
2015-06-21,true,2015-06-21T02:48:00,2015-06-21T05:01:00,-8.0,7.0,94.0,1250.0,Prepared seed event
2012-07-12,true,2012-07-12T16:54:00,2012-07-12T19:35:00,-6.0,-17.0,140.0,1400.0,DONKI M2M fast Earth-directed wide event
2014-01-07,true,2014-01-07T18:24:00,2014-01-07T19:48:00,30.0,-24.0,98.0,2061.0,DONKI M2M very fast glancing event
2015-03-10,true,2015-03-10T03:36:00,2015-03-10T05:47:00,-45.0,6.0,74.0,1525.0,DONKI M2M fast eastern halo component
2015-06-18,true,2015-06-18T01:25:00,2015-06-18T03:16:00,90.0,-19.0,80.0,1720.0,DONKI M2M fast limb event
2015-06-22,true,2015-06-22T18:36:00,2015-06-22T21:10:00,3.0,14.0,90.0,1155.0,DONKI M2M central wide event
2015-06-25,true,2015-06-25T08:36:00,2015-06-25T10:51:00,46.0,23.0,82.0,1450.0,DONKI M2M glancing blow candidate
2017-09-10,true,2017-09-10T16:09:00,2017-09-10T17:18:00,85.0,-12.0,108.0,2650.0,DONKI M2M extreme west-limb fast event
2021-10-28,true,2021-10-28T15:53:00,2021-10-28T18:52:00,0.0,-17.0,98.0,1109.0,DONKI M2M central halo event
2021-11-02,true,2021-11-02T02:48:00,2021-11-02T05:52:00,-5.0,16.0,102.0,1151.0,DONKI M2M central wide event
2023-04-21,true,2023-04-21T18:12:00,2023-04-21T21:09:00,19.0,-13.0,86.0,1204.0,DONKI M2M fast Earth-facing event
2024-05-08T1224,true,2024-05-08T12:24:00,2024-05-08T15:16:00,8.0,-15.0,86.0,1156.0,DONKI M2M May 2024 storm-sequence shock
2024-05-08T2224,true,2024-05-08T22:24:00,2024-05-09T00:51:00,5.0,-6.0,90.0,1257.0,DONKI M2M May 2024 storm-sequence shock
2024-05-09T0924,true,2024-05-09T09:24:00,2024-05-09T11:21:00,14.0,-12.0,90.0,1561.0,DONKI M2M May 2024 fast shock
2024-05-11,true,2024-05-11T01:36:00,2024-05-11T03:24:00,15.0,-2.0,96.0,1820.0,DONKI M2M May 2024 fast shock
2024-05-13,true,2024-05-13T09:12:00,2024-05-13T11:15:00,26.0,-12.0,100.0,1935.0,DONKI M2M May 2024 very fast shock
2021-05-09T1123-v1,true,2021-05-09T11:23:00,2021-05-09T15:54:00,-10.0,-4.0,54.0,717.0,DONKI GST-associated CME 2021-05-09T11:23 v1 type C CR2243
2021-10-09T0709-v3,true,2021-10-09T07:09:00,2021-10-09T10:33:00,9.0,6.0,90.0,983.0,DONKI GST-associated CME 2021-10-09T07:09 v3 type C CR2249
2021-11-01T1838-v2,true,2021-11-01T18:38:00,2021-11-02T01:20:00,32.0,-30.0,64.0,509.0,DONKI GST-associated CME 2021-11-01T18:38 v2 type C CR2250
2021-11-01T2136-v2,true,2021-11-01T21:36:00,2021-11-02T02:00:00,43.0,-19.0,98.0,771.0,DONKI GST-associated CME 2021-11-01T21:36 v2 type C CR2250
2021-11-02T0248-v2,true,2021-11-02T02:48:00,2021-11-02T05:52:00,-5.0,16.0,102.0,1151.0,DONKI GST-associated CME 2021-11-02T02:48 v2 type O CR2250
2022-01-15T1612-v1,true,2022-01-15T16:12:00,2022-01-16T02:08:00,5.0,34.0,50.0,416.0,DONKI GST-associated CME 2022-01-15T16:12 v1 type S CR2253
2022-01-29T2336-v1,true,2022-01-29T23:36:00,2022-01-30T03:56:00,-9.0,3.0,90.0,628.0,DONKI GST-associated CME 2022-01-29T23:36 v1 type C CR2253
2022-03-10T1923-v1,true,2022-03-10T19:23:00,2022-03-11T01:06:00,10.0,16.0,122.0,677.0,DONKI GST-associated CME 2022-03-10T19:23 v1 type C CR2255
2022-04-07T0536-v2,true,2022-04-07T05:36:00,2022-04-07T14:08:00,-40.0,-31.0,86.0,457.0,DONKI GST-associated CME 2022-04-07T05:36 v2 type S CR2256
2022-04-11T0600-v1,true,2022-04-11T06:00:00,2022-04-11T11:45:00,2.0,-6.0,92.0,553.0,DONKI GST-associated CME 2022-04-11T06:00 v1 type C CR2256
2022-08-13T1848-v1,true,2022-08-13T18:48:00,2022-08-13T23:52:00,-9.0,-25.0,52.0,679.0,DONKI GST-associated CME 2022-08-13T18:48 v1 type C CR2260
2022-08-14T1248-v1,true,2022-08-14T12:48:00,2022-08-14T16:36:00,7.0,-3.0,80.0,817.0,DONKI GST-associated CME 2022-08-14T12:48 v1 type C CR2260
2023-02-24T2036-v2,true,2023-02-24T20:36:00,2023-02-24T23:14:00,19.0,29.0,82.0,1276.0,DONKI GST-associated CME 2023-02-24T20:36 v2 type O CR2267
2023-03-20T0241-v1,true,2023-03-20T02:41:00,2023-03-20T08:02:00,20.0,-31.0,56.0,550.0,DONKI GST-associated CME 2023-03-20T02:41 v1 type C CR2268
2023-03-20T1442-v2,true,2023-03-20T14:42:00,2023-03-20T19:41:00,-40.0,27.0,90.0,749.0,DONKI GST-associated CME 2023-03-20T14:42 v2 type C CR2268
2023-04-21T1812-v1,true,2023-04-21T18:12:00,2023-04-21T21:09:00,19.0,-13.0,86.0,1204.0,DONKI GST-associated CME 2023-04-21T18:12 v1 type O CR2270
2023-08-02T0912-v1,true,2023-08-02T09:12:00,2023-08-02T13:43:00,26.0,-4.0,84.0,759.0,DONKI GST-associated CME 2023-08-02T09:12 v1 type C CR2273
2023-09-14T2312-v1,true,2023-09-14T23:12:00,2023-09-15T06:11:00,-33.0,-3.0,84.0,466.0,DONKI GST-associated CME 2023-09-14T23:12 v1 type S CR2275
2023-09-16T0912-v1,true,2023-09-16T09:12:00,2023-09-16T16:00:00,30.0,2.0,90.0,523.0,DONKI GST-associated CME 2023-09-16T09:12 v1 type C CR2275
2023-11-02T0336-v1,true,2023-11-02T03:36:00,2023-11-02T08:48:00,-20.0,35.0,70.0,699.0,DONKI GST-associated CME 2023-11-02T03:36 v1 type C CR2277
2023-11-03T0548-v4,true,2023-11-03T05:48:00,2023-11-03T09:17:00,-3.0,21.0,90.0,874.0,DONKI GST-associated CME 2023-11-03T05:48 v4 type C CR2277
2023-11-22T2136-v1,true,2023-11-22T21:36:00,2023-11-23T03:56:00,6.0,-31.0,98.0,665.0,DONKI GST-associated CME 2023-11-22T21:36 v1 type C CR2277
2023-11-28T2024-v1,true,2023-11-28T20:24:00,2023-11-29T00:03:00,13.0,0.0,90.0,910.0,DONKI GST-associated CME 2023-11-28T20:24 v1 type C CR2278
2023-11-28T2048-v1,true,2023-11-28T20:48:00,2023-11-29T01:03:00,2.0,-6.0,90.0,768.0,DONKI GST-associated CME 2023-11-28T20:48 v1 type C CR2278
2023-12-14T1738-v1,true,2023-12-14T17:38:00,2023-12-14T20:34:00,33.0,-4.0,98.0,1081.0,DONKI GST-associated CME 2023-12-14T17:38 v1 type O CR2278
2024-02-28T1748-v1,true,2024-02-28T17:48:00,2024-02-28T22:51:00,59.0,20.0,86.0,730.0,DONKI GST-associated CME 2024-02-28T17:48 v1 type C CR2281
2024-03-23T0125-v3,true,2024-03-23T01:25:00,2024-03-23T03:19:00,2.0,22.0,82.0,1613.0,DONKI GST-associated CME 2024-03-23T01:25 v3 type O CR2282
2024-03-23T0148-v2,true,2024-03-23T01:48:00,2024-03-23T03:35:00,9.0,-2.0,92.0,1571.0,DONKI GST-associated CME 2024-03-23T01:48 v2 type O CR2282
2024-03-23T0148-v4,true,2024-03-23T01:48:00,2024-03-23T03:50:00,5.0,5.0,90.0,1572.0,DONKI GST-associated CME 2024-03-23T01:48 v4 type O CR2282
2024-04-15T0648-v2,true,2024-04-15T06:48:00,2024-04-15T10:52:00,-10.0,6.0,72.0,724.0,DONKI GST-associated CME 2024-04-15T06:48 v2 type C CR2283
2024-05-08T0536-v1,true,2024-05-08T05:36:00,2024-05-08T09:47:00,15.0,-15.0,90.0,729.0,DONKI GST-associated CME 2024-05-08T05:36 v1 type C CR2284
2024-05-08T0536-v3,true,2024-05-08T05:36:00,2024-05-08T09:30:00,9.0,-7.0,86.0,870.0,DONKI GST-associated CME 2024-05-08T05:36 v3 type C CR2284
2024-05-08T1224-v1,true,2024-05-08T12:24:00,2024-05-08T15:16:00,8.0,-15.0,86.0,1156.0,DONKI GST-associated CME 2024-05-08T12:24 v1 type O CR2284
2024-05-08T1224-v3,true,2024-05-08T12:24:00,2024-05-08T16:58:00,3.0,-5.0,90.0,776.0,DONKI GST-associated CME 2024-05-08T12:24 v3 type C CR2284
2024-05-08T1912-v1,true,2024-05-08T19:12:00,2024-05-08T23:27:00,-23.0,3.0,76.0,828.0,DONKI GST-associated CME 2024-05-08T19:12 v1 type C CR2284
2024-05-08T2224-v1,true,2024-05-08T22:24:00,2024-05-09T01:43:00,12.0,-16.0,80.0,1130.0,DONKI GST-associated CME 2024-05-08T22:24 v1 type O CR2284
2024-05-08T2224-v2,true,2024-05-08T22:24:00,2024-05-09T00:51:00,5.0,-6.0,90.0,1257.0,DONKI GST-associated CME 2024-05-08T22:24 v2 type O CR2284
2024-05-09T0924-v1,true,2024-05-09T09:24:00,2024-05-09T11:56:00,19.0,-6.0,90.0,1330.0,DONKI GST-associated CME 2024-05-09T09:24 v1 type O CR2284
2024-05-09T0924-v2,true,2024-05-09T09:24:00,2024-05-09T11:21:00,14.0,-12.0,90.0,1561.0,DONKI GST-associated CME 2024-05-09T09:24 v2 type O CR2284
2024-05-10T0712-v1,true,2024-05-10T07:12:00,2024-05-10T09:32:00,15.0,-10.0,90.0,1332.0,DONKI GST-associated CME 2024-05-10T07:12 v1 type O CR2284
2024-05-10T0712-v2,true,2024-05-10T07:12:00,2024-05-10T10:35:00,31.0,-2.0,82.0,1018.0,DONKI GST-associated CME 2024-05-10T07:12 v2 type O CR2284
2024-05-14T1036-v1,true,2024-05-14T10:36:00,2024-05-14T15:39:00,92.0,-29.0,46.0,763.0,DONKI GST-associated CME 2024-05-14T10:36 v1 type C CR2284
2024-06-25T0500-v1,true,2024-06-25T05:00:00,2024-06-25T13:12:00,39.0,3.0,76.0,556.0,DONKI GST-associated CME 2024-06-25T05:00 v1 type C CR2285
2024-07-31T1836-v1,true,2024-07-31T18:36:00,2024-07-31T21:43:00,50.0,5.0,100.0,1109.0,DONKI GST-associated CME 2024-07-31T18:36 v1 type O CR2287
2024-07-31T1836-v2,true,2024-07-31T18:36:00,2024-07-31T21:50:00,73.0,2.0,90.0,1082.0,DONKI GST-associated CME 2024-07-31T18:36 v2 type O CR2287
2024-08-01T0724-v1,true,2024-08-01T07:24:00,2024-08-01T10:49:00,50.0,7.0,100.0,1100.0,DONKI GST-associated CME 2024-08-01T07:24 v1 type O CR2287
2024-08-01T0724-v2,true,2024-08-01T07:24:00,2024-08-01T10:49:00,65.0,3.0,88.0,1092.0,DONKI GST-associated CME 2024-08-01T07:24 v2 type O CR2287
2024-08-08T0530-v2,true,2024-08-08T05:30:00,2024-08-08T11:31:00,-4.0,1.0,90.0,355.0,DONKI GST-associated CME 2024-08-08T05:30 v2 type S CR2287
2024-08-08T2000-v1,true,2024-08-08T20:00:00,2024-08-08T23:59:00,3.0,3.0,90.0,699.0,DONKI GST-associated CME 2024-08-08T20:00 v1 type C CR2287
2024-08-08T2000-v3,true,2024-08-08T20:00:00,2024-08-09T01:53:00,1.0,2.0,90.0,497.0,DONKI GST-associated CME 2024-08-08T20:00 v3 type S CR2287
2024-08-14T0823-v1,true,2024-08-14T08:23:00,2024-08-14T13:53:00,-4.0,19.0,60.0,616.0,DONKI GST-associated CME 2024-08-14T08:23 v1 type C CR2287
2024-08-23T0200-v1,true,2024-08-23T02:00:00,2024-08-23T09:38:00,31.0,-2.0,76.0,461.0,DONKI GST-associated CME 2024-08-23T02:00 v1 type S CR2288
2024-09-10T0023-v2,true,2024-09-10T00:23:00,2024-09-10T04:37:00,-5.0,26.0,86.0,755.0,DONKI GST-associated CME 2024-09-10T00:23 v2 type C CR2288
2024-09-11T0223-v1,true,2024-09-11T02:23:00,2024-09-11T06:29:00,3.0,25.0,58.0,742.0,DONKI GST-associated CME 2024-09-11T02:23 v1 type C CR2288
2024-09-14T1536-v2,true,2024-09-14T15:36:00,2024-09-14T17:02:00,-30.0,6.0,90.0,2040.0,DONKI GST-associated CME 2024-09-14T15:36 v2 type R CR2288
2024-09-14T1536-v2-2,true,2024-09-14T15:36:00,2024-09-14T18:08:00,-50.0,8.0,102.0,1070.0,DONKI GST-associated CME 2024-09-14T15:36 v2 type O CR2288
2024-10-03T1248-v1,true,2024-10-03T12:48:00,2024-10-03T16:29:00,-3.0,-4.0,106.0,863.0,DONKI GST-associated CME 2024-10-03T12:48 v1 type C CR2289
2024-10-03T1248-v2,true,2024-10-03T12:48:00,2024-10-03T16:43:00,3.0,-20.0,78.0,822.0,DONKI GST-associated CME 2024-10-03T12:48 v2 type C CR2289
2024-10-09T0212-v4,true,2024-10-09T02:12:00,2024-10-09T03:31:00,19.0,9.0,92.0,2112.0,DONKI GST-associated CME 2024-10-09T02:12 v4 type R CR2289
2024-10-09T0212-v6,true,2024-10-09T02:12:00,2024-10-09T04:16:00,8.0,13.0,90.0,1509.0,DONKI GST-associated CME 2024-10-09T02:12 v6 type O CR2289
